{
  "oversized_in_gui": true,
  "model": {
    "type": "minecraft:condition",
    "property": "minecraft:custom_model_data",
    "on_true": {
      "type": "minecraft:special",
      "base": "nexo:2d_player_head_large",
      "model": {
        "type": "minecraft:head",
        "kind": "player"
      }
    },
    "on_false": {
      "type": "minecraft:special",
      "base": "nexo:2d_player_head",
      "model": {
        "type": "minecraft:head",
        "kind": "player"
      }
    },
    "fallback": {
      "type": "minecraft:special",
      "base": "nexo:2d_player_head",
      "model": {
        "type": "minecraft:head",
        "kind": "player"
      }
    }
  }
}
